Date,Open,High,Low,Close,Adjusted_close,Volume
2025-04-24,0.094,0.094,0.089,0.089,0.089,812561
2025-04-28,0.092,0.094,0.092,0.094,0.094,181875
2025-04-29,0.094,0.094,0.093,0.094,0.094,167134
2025-04-30,0.092,0.094,0.092,0.094,0.094,118453
2025-05-01,0.093,0.093,0.092,0.093,0.093,43456
2025-05-02,0.092,0.092,0.092,0.092,0.092,25000
2025-05-05,0.092,0.094,0.092,0.094,0.094,24168
2025-05-06,0.093,0.094,0.091,0.094,0.094,65859
2025-05-07,0.093,0.095,0.091,0.095,0.095,558982
2025-05-08,0.092,0.093,0.089,0.093,0.093,641212
2025-05-09,0.091,0.091,0.09,0.09,0.09,206299
2025-05-12,0.09,0.091,0.0895,0.09,0.09,258136
2025-05-13,0.09,0.09,0.089,0.09,0.09,316825
2025-05-14,0.089,0.089,0.089,0.089,0.089,190755
2025-05-15,0.089,0.089,0.089,0.089,0.089,0
2025-05-16,0.089,0.089,0.087,0.088,0.088,369034
2025-05-19,0.088,0.088,0.087,0.088,0.088,169646
2025-05-20,0.087,0.089,0.084,0.089,0.089,629972
2025-05-21,0.089,0.089,0.082,0.086,0.086,988353
2025-05-22,0.086,0.088,0.086,0.086,0.086,1351642
2025-05-23,0.086,0.089,0.086,0.089,0.089,282243
2025-05-26,0.087,0.09,0.087,0.09,0.09,740943
2025-05-27,0.09,0.09,0.089,0.089,0.089,85056
2025-05-28,0.089,0.089,0.089,0.089,0.089,26944
2025-05-29,0.089,0.089,0.089,0.089,0.089,69570
2025-05-30,0.088,0.088,0.087,0.087,0.087,126143
2025-06-02,0.088,0.092,0.088,0.092,0.092,1194849
2025-06-03,0.093,0.095,0.092,0.093,0.093,1043433
2025-06-04,0.092,0.094,0.092,0.093,0.093,183687
2025-06-05,0.093,0.094,0.092,0.094,0.094,180246
2025-06-06,0.093,0.095,0.092,0.093,0.093,895440
2025-06-10,0.093,0.093,0.091,0.091,0.091,1848971
2025-06-11,0.092,0.092,0.089,0.089,0.089,775151
2025-06-12,0.09,0.0905,0.089,0.0905,0.0905,421357
2025-06-13,0.09,0.094,0.09,0.094,0.094,237353
2025-06-16,0.093,0.093,0.089,0.091,0.091,623688
2025-06-17,0.09,0.091,0.089,0.089,0.089,228568
2025-06-18,0.089,0.095,0.089,0.09,0.09,726633
2025-06-19,0.09,0.09,0.088,0.089,0.089,448263
2025-06-20,0.089,0.089,0.088,0.088,0.088,228795
2025-06-23,0.087,0.089,0.082,0.086,0.086,443490
2025-06-24,0.085,0.088,0.085,0.088,0.088,934093
2025-06-25,0.089,0.089,0.088,0.088,0.088,272989
2025-06-26,0.088,0.093,0.088,0.091,0.091,1156766
2025-06-27,0.0925,0.093,0.09,0.09,0.09,143800
2025-06-30,0.091,0.091,0.088,0.088,0.088,457089
2025-07-01,0.088,0.088,0.086,0.087,0.087,291856
2025-07-02,0.087,0.087,0.087,0.087,0.087,10000
2025-07-03,0.089,0.092,0.089,0.092,0.092,94372
2025-07-04,0.091,0.091,0.09,0.091,0.091,183259
2025-07-07,0.091,0.093,0.091,0.093,0.093,154591
2025-07-08,0.093,0.095,0.093,0.094,0.094,249901
2025-07-09,0.097,0.097,0.094,0.094,0.094,71636
2025-07-10,0.096,0.1,0.095,0.1,0.1,653111
2025-07-11,0.1,0.1,0.097,0.098,0.098,30947
2025-07-14,0.1,0.1,0.097,0.099,0.099,43663
2025-07-15,0.098,0.1,0.097,0.097,0.097,162146
2025-07-16,0.1,0.1,0.098,0.1,0.1,10543
2025-07-17,0.1,0.1,0.1,0.1,0.1,4223
2025-07-18,0.105,0.105,0.1,0.105,0.105,229463
2025-07-21,0.105,0.105,0.1,0.105,0.105,249924
2025-07-22,0.105,0.105,0.1,0.1,0.1,717515
2025-07-23,0.099,0.1,0.096,0.097,0.097,560265
2025-07-24,0.097,0.098,0.096,0.096,0.096,652804
2025-07-25,0.098,0.098,0.094,0.096,0.096,985698
2025-07-28,0.096,0.1,0.096,0.1,0.1,128690
2025-07-29,0.096,0.098,0.094,0.095,0.095,501079
2025-07-30,0.095,0.098,0.095,0.095,0.095,80940
2025-07-31,0.099,0.105,0.099,0.1,0.1,604635
2025-08-01,0.096,0.105,0.096,0.096,0.096,147725
2025-08-04,0.096,0.096,0.096,0.096,0.096,0
2025-08-05,0.098,0.098,0.097,0.097,0.097,21731
2025-08-06,0.097,0.099,0.097,0.098,0.098,74724
2025-08-07,0.099,0.105,0.096,0.105,0.105,454757
2025-08-08,0.105,0.105,0.1,0.1,0.1,399699
2025-08-11,0.105,0.11,0.105,0.11,0.11,387042
2025-08-12,0.115,0.12,0.115,0.115,0.115,277242
2025-08-13,0.12,0.145,0.12,0.145,0.145,1936112
2025-08-14,0.145,0.145,0.12,0.125,0.125,314450
2025-08-15,0.13,0.135,0.125,0.135,0.135,253023
2025-08-18,0.13,0.13,0.13,0.13,0.13,202999
2025-08-19,0.13,0.13,0.125,0.13,0.13,49516
2025-08-20,0.13,0.135,0.1275,0.13,0.13,30024
2025-08-21,0.13,0.135,0.13,0.135,0.135,76291
2025-08-22,0.135,0.135,0.135,0.135,0.135,91471
2025-08-25,0.135,0.14,0.13,0.13,0.13,425965
2025-08-26,0.13,0.1425,0.125,0.125,0.125,552449
2025-08-27,0.125,0.13,0.125,0.13,0.13,77008
2025-08-28,0.13,0.135,0.13,0.135,0.135,902491
2025-08-29,0.125,0.125,0.125,0.125,0.125,127773
2025-09-01,0.13,0.13,0.115,0.12,0.12,447896
2025-09-02,0.12,0.125,0.11,0.11,0.11,257461
2025-09-03,0.115,0.115,0.11,0.11,0.11,26269
2025-09-04,0.115,0.135,0.11,0.13,0.13,200402
2025-09-05,0.135,0.135,0.13,0.13,0.13,232589
2025-09-08,0.135,0.135,0.13,0.135,0.135,517650
2025-09-09,0.13,0.13,0.125,0.125,0.125,474272
2025-09-10,0.125,0.125,0.125,0.125,0.125,147753
2025-09-11,0.125,0.125,0.125,0.125,0.125,0
2025-09-12,0.12,0.125,0.115,0.12,0.12,31660
2025-09-15,0.12,0.125,0.12,0.125,0.125,42720
2025-09-16,0.125,0.125,0.12,0.125,0.125,20081
2025-09-17,0.125,0.125,0.12,0.125,0.125,241719
2025-09-18,0.125,0.125,0.125,0.125,0.125,114268
2025-09-19,0.13,0.13,0.12,0.13,0.13,420604
2025-09-22,0.2,0.25,0.185,0.225,0.225,21593559
2025-09-23,0.25,0.25,0.21,0.215,0.215,8944255
2025-09-24,0.22,0.225,0.2,0.22,0.22,1424747
2025-09-25,0.22,0.235,0.215,0.23,0.23,1134798
2025-09-26,0.235,0.235,0.22,0.22,0.22,517182
2025-09-29,0.22,0.225,0.22,0.22,0.22,167692
2025-09-30,0.23,0.255,0.23,0.255,0.255,2267541
2025-10-01,0.25,0.27,0.245,0.27,0.27,1644051
2025-10-02,0.27,0.33,0.26,0.33,0.33,3058789
2025-10-03,0.34,0.345,0.31,0.34,0.34,2748900
2025-10-06,0.33,0.335,0.31,0.335,0.335,1001961
2025-10-07,0.335,0.335,0.305,0.31,0.31,774425
2025-10-08,0.31,0.315,0.29,0.305,0.305,1019675
2025-10-09,0.3,0.305,0.285,0.295,0.295,1089498
2025-10-10,0.295,0.295,0.265,0.275,0.275,564159
2025-10-13,0.26,0.265,0.245,0.26,0.26,1172388
2025-10-14,0.26,0.27,0.25,0.27,0.27,461647
2025-10-15,0.27,0.295,0.27,0.28,0.28,1174073
2025-10-16,0.285,0.285,0.27,0.285,0.285,298701
2025-10-17,0.28,0.28,0.26,0.26,0.26,253952
2025-10-20,0.26,0.29,0.26,0.29,0.29,684497
2025-10-21,0.285,0.305,0.275,0.305,0.305,1497737
2025-10-22,0.31,0.315,0.285,0.315,0.315,793771
2025-10-23,0.315,0.32,0.295,0.31,0.31,766708
2025-10-24,0.32,0.33,0.31,0.325,0.325,826766
2025-10-27,0.33,0.34,0.325,0.34,0.34,849294
2025-10-28,0.335,0.335,0.305,0.335,0.335,808997
2025-10-29,0.33,0.365,0.33,0.365,0.365,2194278
2025-10-30,0.37,0.37,0.345,0.35,0.35,1001422
2025-10-31,0.35,0.35,0.33,0.3425,0.3425,289133
2025-11-03,0.345,0.35,0.32,0.35,0.35,1485083
2025-11-04,0.345,0.345,0.325,0.335,0.335,353553
2025-11-05,0.335,0.335,0.32,0.33,0.33,271040
2025-11-06,0.335,0.35,0.335,0.34,0.34,177539
2025-11-07,0.34,0.34,0.32,0.33,0.33,1865509
2025-11-10,0.335,0.34,0.33,0.34,0.34,64448
2025-11-11,0.345,0.385,0.345,0.385,0.385,1892565
2025-11-12,0.39,0.445,0.375,0.445,0.445,3464612
2025-11-13,0.43,0.43,0.405,0.415,0.415,871028
2025-11-14,0.4,0.42,0.39,0.42,0.42,729959
2025-11-17,0.41,0.4225,0.4,0.42,0.42,1213962
2025-11-18,0.42,0.42,0.385,0.42,0.42,2274693
2025-11-19,0.41,0.42,0.395,0.405,0.405,1343022
2025-11-20,0.41,0.42,0.41,0.41,0.41,422901
2025-11-21,0.405,0.41,0.38,0.385,0.385,886819
2025-11-24,0.385,0.4,0.38,0.39,0.39,374374
2025-11-25,0.395,0.41,0.395,0.405,0.405,275278
2025-11-26,0.41,0.41,0.385,0.385,0.385,559365
2025-11-27,0.39,0.4,0.38,0.385,0.385,801905
2025-11-28,0.39,0.405,0.385,0.405,0.405,182576
2025-12-01,0.405,0.405,0.365,0.375,0.375,556622
2025-12-02,0.37,0.39,0.355,0.39,0.39,1009253
2025-12-03,0.375,0.375,0.36,0.365,0.365,267017
2025-12-04,0.38,0.38,0.36,0.36,0.36,305305
2025-12-05,0.36,0.395,0.36,0.395,0.395,362265
2025-12-08,0.395,0.395,0.375,0.39,0.39,293730
2025-12-09,0.37,0.39,0.37,0.39,0.39,251428
2025-12-10,0.38,0.39,0.375,0.375,0.375,527814
2025-12-11,0.38,0.38,0.36,0.365,0.365,221458
2025-12-12,0.36,0.375,0.36,0.365,0.365,126068
2025-12-15,0.365,0.365,0.35,0.355,0.355,187290
2025-12-16,0.355,0.355,0.33,0.33,0.33,502971
2025-12-17,0.33,0.35,0.325,0.35,0.35,437206
2025-12-18,0.34,0.345,0.33,0.335,0.335,65887
2025-12-19,0.335,0.335,0.32,0.32,0.32,716337
2025-12-22,0.32,0.37,0.32,0.37,0.37,624802
2025-12-23,0.37,0.375,0.36,0.37,0.37,742739
2025-12-24,0.37,0.385,0.37,0.385,0.385,155196
2025-12-29,0.375,0.38,0.355,0.365,0.365,163342
2025-12-30,0.36,0.37,0.36,0.37,0.37,34902
2025-12-31,0.36,0.36,0.355,0.36,0.36,33870
2026-01-02,0.37,0.37,0.36,0.365,0.365,98997
2026-01-05,0.37,0.37,0.35,0.35,0.35,154184
2026-01-06,0.355,0.375,0.355,0.37,0.37,196588
2026-01-07,0.35,0.37,0.33,0.34,0.34,967091
2026-01-08,0.35,0.365,0.345,0.365,0.365,241316
2026-01-09,0.365,0.38,0.35,0.38,0.38,538579
2026-01-12,0.36,0.37,0.3475,0.355,0.355,308976
2026-01-13,0.365,0.375,0.36,0.37,0.37,241817
2026-01-14,0.365,0.37,0.36,0.365,0.365,177149
2026-01-15,0.37,0.37,0.3625,0.365,0.365,116258
2026-01-16,0.35,0.365,0.35,0.3575,0.3575,491431
2026-01-19,0.36,0.37,0.35,0.37,0.37,461491
2026-01-20,0.365,0.37,0.355,0.365,0.365,300578
2026-01-21,0.37,0.37,0.355,0.365,0.365,250131
2026-01-22,0.36,0.36,0.34,0.345,0.345,396950
2026-01-23,0.345,0.35,0.335,0.35,0.35,176471
2026-01-27,0.34,0.35,0.335,0.35,0.35,254196
2026-01-28,0.34,0.345,0.335,0.34,0.34,299182
2026-01-29,0.35,0.395,0.35,0.395,0.395,2040542
2026-01-30,0.395,0.4,0.38,0.38,0.38,955844
2026-02-02,0.385,0.385,0.355,0.37,0.37,367142
2026-02-03,0.37,0.4275,0.37,0.42,0.42,4762155
2026-02-04,0.42,0.42,0.405,0.41,0.41,955703
2026-02-05,0.415,0.415,0.385,0.4,0.4,3020005
2026-02-06,0.395,0.395,0.36,0.37,0.37,982675
2026-02-09,0.385,0.4,0.375,0.4,0.4,262574
2026-02-10,0.4,0.415,0.4,0.415,0.415,5819015
2026-02-11,0.41,0.495,0.41,0.49,0.49,2848147
2026-02-12,0.495,0.495,0.47,0.475,0.475,2225635
2026-02-13,0.475,0.495,0.445,0.49,0.49,1999392
2026-02-16,0.49,0.51,0.48,0.5,0.5,1697589
2026-02-17,0.49,0.51,0.475,0.48,0.48,1506958
2026-02-18,0.485,0.49,0.45,0.475,0.475,743610
2026-02-19,0.455,0.49,0.455,0.49,0.49,537050
2026-02-20,0.485,0.525,0.47,0.5,0.5,2057507
2026-02-23,0.49,0.51,0.47,0.485,0.485,1991124
2026-02-24,0.485,0.485,0.435,0.46,0.46,1116183
2026-02-25,0.44,0.49,0.44,0.485,0.485,1063236
2026-02-26,0.49,0.49,0.45,0.45,0.45,1048986
2026-02-27,0.445,0.46,0.44,0.46,0.46,741939
2026-03-02,0.46,0.46,0.43,0.435,0.435,697936
2026-03-03,0.43,0.435,0.39,0.4,0.4,1007307
2026-03-04,0.385,0.41,0.37,0.37,0.37,3805269
2026-03-05,0.37,0.395,0.37,0.395,0.395,556999
2026-03-06,0.38,0.405,0.38,0.405,0.405,340327
2026-03-09,0.38,0.39,0.365,0.385,0.385,1074866
2026-03-10,0.4,0.4,0.39,0.4,0.4,814868
2026-03-11,0.39,0.425,0.39,0.41,0.41,1787768
2026-03-12,0.4,0.4,0.375,0.4,0.4,1860910
2026-03-13,0.4,0.415,0.4,0.41,0.41,1126451
2026-03-16,0.42,0.47,0.41,0.465,0.465,5265831
2026-03-17,0.465,0.47,0.44,0.465,0.465,2243234
2026-03-18,0.46,0.47,0.43,0.46,0.46,8315669
2026-03-19,0.455,0.475,0.45,0.46,0.46,714638
2026-03-20,0.47,0.475,0.46,0.47,0.47,331472
2026-03-23,0.455,0.46,0.45,0.46,0.46,859093
2026-03-24,0.455,0.47,0.44,0.465,0.465,1415899
2026-03-25,0.47,0.48,0.46,0.46,0.46,1061387
2026-03-26,0.455,0.47,0.455,0.465,0.465,562365
2026-03-27,0.455,0.47,0.425,0.47,0.47,942172
2026-03-30,0.465,0.465,0.4525,0.46,0.46,405780
2026-03-31,0.465,0.48,0.46,0.47,0.47,1302216
2026-04-01,0.47,0.485,0.46,0.485,0.485,485566
2026-04-02,0.49,0.51,0.48,0.5,0.5,2543151
2026-04-07,0.5,0.515,0.49,0.51,0.51,1418600
2026-04-08,0.515,0.53,0.5,0.505,0.505,1446764
2026-04-09,0.51,0.51,0.5,0.51,0.51,546131
2026-04-10,0.5,0.515,0.5,0.515,0.515,804151
2026-04-13,0.51,0.54,0.51,0.52,0.52,880934
2026-04-14,0.53,0.54,0.5,0.535,0.535,2982502
2026-04-15,0.55,0.62,0.55,0.615,0.615,5343309
2026-04-16,0.62,0.68,0.61,0.675,0.675,3866962
2026-04-17,0.69,0.7,0.65,0.695,0.695,1622498
2026-04-20,0.69,0.705,0.67,0.68,0.68,1449487
2026-04-21,0.7,0.745,0.645,0.7,0.7,3574992
2026-04-22,0.7,0.74,0.68,0.73,0.73,2578878
2026-04-23,0.72,0.74,0.695,0.73,0.73,2026982
2026-04-24,0.705,0.745,0.685,0.72,0.72,2964464
2026-04-27,0.71,0.75,0.7,0.75,0.75,1691935
2026-04-28,0.73,0.745,0.685,0.705,0.705,2337383
2026-04-29,0.7,0.735,0.69,0.72,0.72,1147270
2026-04-30,0.695,0.73,0.69,0.73,0.73,1579468
2026-05-01,0.74,0.74,0.69,0.71,0.71,1449438
2026-05-04,0.71,0.745,0.71,0.74,0.74,1058153
2026-05-05,0.72,0.74,0.7,0.725,0.725,1382536
2026-05-06,0.73,0.75,0.72,0.735,0.735,612835
2026-05-07,0.74,0.76,0.7175,0.73,0.73,2229458
2026-05-08,0.73,0.73,0.715,0.72,0.72,775448
2026-05-11,0.725,0.74,0.69,0.735,0.735,1534416
2026-05-12,0.735,0.79,0.72,0.745,0.745,3012092
2026-05-13,0.725,0.75,0.72,0.735,0.735,583280
2026-05-14,0.73,0.7325,0.645,0.66,0.66,2058665
2026-05-15,0.625,0.65,0.575,0.62,0.62,1868239
2026-05-18,0.6,0.615,0.54,0.55,0.55,3972607
2026-05-19,0.58,0.595,0.535,0.595,0.595,4030027
2026-05-20,0.59,0.61,0.585,0.61,0.61,2187821
2026-05-21,0.605,0.635,0.59,0.615,0.615,1460818
2026-05-22,0.62,0.63,0.6,0.62,0.62,564302
2026-05-25,0.61,0.655,0.61,0.645,0.645,413927
2026-05-26,0.67,0.69,0.65,0.67,0.67,1746890
2026-05-27,0.68,0.7,0.66,0.675,0.675,540729
2026-05-28,0.67,0.675,0.65,0.675,0.675,642009
2026-05-29,0.69,0.705,0.685,0.7,0.7,679712
